{
  "n_cpus_logical": 12,
  "window_used": [
    5.035909799989895,
    119.73439630000212
  ],
  "warmup_excluded_s": 5.0,
  "cpu": {
    "samples": 229,
    "duration_s": 114.69848650001222,
    "cpu_mean": 175.93275109170304,
    "cpu_median": 178.1,
    "cpu_min": 97.1,
    "cpu_max": 243.8,
    "cpu_p95": 215.0,
    "cpu_tm_mean": 14.661062590975254,
    "cpu_tm_p95": 17.916666666666668
  },
  "mem": {
    "rss_mean": 283.1834572871179,
    "rss_min": 280.59765625,
    "rss_max": 284.08203125,
    "rss_std": 1.1071976172594482,
    "rss_span_mb": 3.484375,
    "rss_slope_mb_per_min": 1.6642700411096074,
    "vms_mean": 625.0897584606987,
    "py_cur_mean": 1.330014212162734,
    "py_peak_max": 2.5826902389526367
  }
}